{"cameraMode":{"drawMode":0,"name":"Shaded","section":"Shading Mode"},"sceneLighting":true,"audioPlay":false,"sceneViewState":{"showFog":true,"showMaterialUpdate":false,"showSkybox":true,"showFlares":true,"showImageEffects":true,"showParticleSystems":true},"in2DMode":false,"pivot":{"x":13.358199119567871,"y":7.097018718719482,"z":1.820974588394165},"rotation":{"x":0.14497269690036775,"y":-0.5877530574798584,"z":0.10805238038301468,"w":0.7885818481445313},"size":0.524999737739563,"orthographic":false}